title,price,rating,reviews
Levi's Men's Spread Collar Slim Fit Solid Shirts,"1,199",3.8 out of 5 stars,50 ratings
Levi's Men Shirt,"1,136.",3.9 out of 5 stars,43 ratings
Levi's Men's Geometric Printed Slim Fit Shirt,"1,739",2.0 out of 5 stars,1 rating
Dennis Lingo Men's Solid Slim Fit Casual Shirt,699,3.8 out of 5 stars,"2,427 ratings"
Lymio Casual Shirt for Men|| Shirt for Men|| Men Stylish Shirt (Rib-Shirt),479,3.9 out of 5 stars,"1,808 ratings"
Miraan Men's Casual Denim Shirt (SIGDENIM),629,3.8 out of 5 stars,"2,018 ratings"
Dennis Lingo Men's Solid Slim Fit Casual Shirt,669,3.7 out of 5 stars,"2,828 ratings"
Majestic Man Men Small Checkered Slim Fit Cotton Casual Shirt,527,4.0 out of 5 stars,241 ratings
Van Heusen Men's Slim Fit Shirt,898.,4.0 out of 5 stars,669 ratings
Amazon Brand - Symbol Men's Cotton Shirt | Chinese Collar | Casual | Plain | Full Sleeve | Summer - Regular Fit (Available in Plus Size) (Black_XL),549,4.1 out of 5 stars,178 ratings
Majestic Man Slim Fit Satin Cotton Formal Shirt for Men (Also Available in Plus Size's),637,4.0 out of 5 stars,404 ratings
Van Heusen Men's Slim Fit Formal Shirt,958,4.0 out of 5 stars,"2,820 ratings"
STREETKING Street King Men Light Blue Shaded Denim Full Sleeves Casual Shirt,599,3.9 out of 5 stars,27 ratings
Regrowth Men Denim Casual Regular Fit Shirt,599,3.6 out of 5 stars,603 ratings
Codaisy Men's Blue Double Pocket Casual Full Sleeves Regular Fit Cream Stitched Solid Cotton Denim Shirt Available in Plus Size,899,4.7 out of 5 stars,4 ratings
Regrowth Men Grey Denim Casual Shirt,599,3.7 out of 5 stars,80 ratings
Dennis Lingo Men's Denim Solid Casual Shirt,849,3.9 out of 5 stars,"4,547 ratings"
Men Denim Half Sleeve Casual Solid Relaxed fit Dark Blue Comfortable Shirts,499,5.0 out of 5 stars,1 rating
18 Plus Men Slim Fit Denim Shirt,699,3.6 out of 5 stars,132 ratings
D... finish Men Icecwash Denim Casual Full Sleeve Shirt | Denim Shirt for Men,999,4.1 out of 5 stars,8 ratings
Dennis Lingo Men's Solid Slim Fit Cotton Casual Shirt with Spread Collar & Full Sleeves (Also Available in Plus Size),699,3.8 out of 5 stars,"38,711 ratings"
GS GRAND STITCH Mens Denim Double Pocket Full Sleeve Shirt,599,2.8 out of 5 stars,12 ratings
Kuons Avenue Men's Denim Casual Shirt | Denim Shirts for Men Full Sleeves,999,3.7 out of 5 stars,"1,408 ratings"
FLAGS Men's Regular Fit Casual Shirt,999,3.8 out of 5 stars,"1,536 ratings"
"ALLWIN PAUL Men's Blue Denim Chinese Collar Shirt - Heavy Washed, Stylish Casual Wear|P|",499,4.1 out of 5 stars,25 ratings
Van Heusen Men's Slim Fit Checkered 100% Cotton Formal Shirt,"1,179",4.0 out of 5 stars,"1,392 ratings"
Levi's Men's Slim Fit Shirt,"1,529",4.1 out of 5 stars,9 ratings
Van Heusen Men's Formal Slim Fit Shirt,949,3.9 out of 5 stars,574 ratings
Kuons Avenue Men's Icewash Denim Casual Shirt | Denim Shirts for men full sleeves,"1,017",4.0 out of 5 stars,1 rating
FABFARM Boy Casual Double Pocket Denim Shirt,499,4.7 out of 5 stars,15 ratings
Dennis Lingo Men's Solid Slim Fit Casual Shirt,699,3.8 out of 5 stars,"2,427 ratings"
Keshav Srushti Men Blue Slim Fit Solid Spread Collar Casual Denim Shirt DSM-01-BLUE,699,3.5 out of 5 stars,11 ratings
The Souled Store Men Classic Denim Shirt: Raw Blue Solid Shirts Shirt for Men Casual Half Sleeves Regular Fit Printed Stylish Latest Cotton Summer Branded Wrinkle Free Trending Trendy Summe,899,3.5 out of 5 stars,44 ratings
Bombay high Men's Solid Regular Fit Shirt,"1,199",2.9 out of 5 stars,2 ratings
18 PLUS Eighteen Plus Men's Denim Cutaway Collar Slim Fit Half Sleeve Casual Shirt,699,3.9 out of 5 stars,57 ratings
JVX Shirt for Men || Denim Shirt for Men || Mens Shirt || Mens Denim Shirt || Denim Shirt || Shirt (MS-15),649,4.8 out of 5 stars,12 ratings
Keshav Srushti Women Blue Washed Smart Regular Fit Solid Casual Denim Shirt,664,4.0 out of 5 stars,533 ratings
Dennis Lingo Men's Slim Fit Casual Shirt,749,3.7 out of 5 stars,570 ratings
D... finish Men's Black Denim Casual Shirt | Men Shirt | Denim Full Sleeve Shirt,799,5.0 out of 5 stars,1 rating
OJASS Men's Regular Fit Casual Denim Shirt(OSHDNF),689,3.6 out of 5 stars,419 ratings
STREETKING Street King Men Denim Casual Shirts,599,3.7 out of 5 stars,105 ratings
18 PLUS Eighteen Plus Men's Denim Cutaway Collar Slim Fit Full Sleeve Casual Shirt,699,3.6 out of 5 stars,120 ratings
Amazon Brand - INKAST Men's Slim Fit Casual Shirt,619,3.9 out of 5 stars,711 ratings
Thomas Scott Men's Smart Slim Fit Spread Collar Pure Cotton Denim Casual Overdyed Shirt,669,3.8 out of 5 stars,23 ratings
Regrowth Men Denim Regular Fit Casual Shirts,699,3.9 out of 5 stars,48 ratings
FILO HEVIS Filohevis Men's Casual Shirt Popcorn Fabric Stylish Look.,499,3.1 out of 5 stars,17 ratings
Miraan Women's Long Sleeve Casual Denim Slim Fit Shirt (Sigwomandenim),599,3.6 out of 5 stars,134 ratings
D... finish Men's Icewash Denim Casual Shirt | Half Sleeve Denim Shirt | Men Denim Shirt,849,4.0 out of 5 stars,2 ratings
VOXATI Men's Denim Shirt,990,2.7 out of 5 stars,3 ratings
STREETKING Street King Men Light Blue Shaded Denim Full Sleeves Regular Fit Casual Shirt,613,3.3 out of 5 stars,3 ratings
FUNDAY FASHION Women's Casual Mandarin Collar Regular Fit Shirt,359,3.6 out of 5 stars,"1,315 ratings"
Regrowth Men Classic Denim Casual Shirt,599,3.7 out of 5 stars,173 ratings
Kuons Avenue Men's Half Sleeve Smart Casual Denim Shirt | Jeans Shirt for Men,860,3.8 out of 5 stars,312 ratings
Dennis Lingo Men's Washed Denim Casual Shirt with Pocket,799,3.4 out of 5 stars,84 ratings
Dennis Lingo Men's Rayon Navy Printed Relaxed Fit Cuban Collar Short sleeve Casual Shirt,799,Previous page,
Amazon Brand - INKAST Men's Regular Fit Casual Shirt,599,3.9 out of 5 stars,"1,883 ratings"
Pepe Jeans Men's Hank Long Sleeves Denim Shirt,"1,403",3.0 out of 5 stars,33 ratings
Lauren Adams Oversized Shirts for Men Denim,499,2.9 out of 5 stars,7 ratings
STREETKING Street King Men Denim Double Pocket Casual Regular Fit Full Sleeves Shirt,599,3.8 out of 5 stars,22 ratings
Amazon Brand - INKAST Men's Slim Fit Denim Shirt,569,3.7 out of 5 stars,579 ratings
INKAST Men's Shirt,699,3.9 out of 5 stars,"3,633 ratings"
Levi's Men Shirt,"1,059",3.9 out of 5 stars,26 ratings
Levi's Men's Floral Printed Slim Fit Shirt,"1,299",3.9 out of 5 stars,211 ratings
Campus Sutra Men's Self-Design Sugarcane Regular Fit Shirt For Casual Wear |Spread Collar |Long Sleeve | Button Closure | Regular Fit Shirt Crafted With Comfort Fit For Everyday Wear,854,1.0 out of 5 stars,1 rating
Peter England Men's Formal Slim Fit Checks Shirt,869,4.1 out of 5 stars,242 ratings
FYLTR Men's Regular Fit Oxford Cotton Blend Shirt - Full Sleeve | Contrast Trim Fabric | Formal Shirts for Men,569,5.0 out of 5 stars,49 ratings
Majestic Man Slim Fit Satin Cotton Formal Shirt for Men (Also Available in Plus Size's),637,4.0 out of 5 stars,404 ratings
FYLTR Men's Regular Fit Solid Shirt - Full Sleeve| Functional Pocket | Contrast Trim Fabric | Formal Shirts for Men,559,4.8 out of 5 stars,72 ratings
Amazon Brand - Symbol Men's Cotton Shirt | Chinese Collar | Casual | Plain | Full Sleeve | Summer - Regular Fit (Available in Plus Size) (Black_XL),549,4.1 out of 5 stars,178 ratings
FYLTR Men's Regular Fit Shirt - Dobby Self Design| Full Sleeve | Functional Patch Pocket | White Formal Shirts for Men,499,4.8 out of 5 stars,15 ratings
